scenario,boot,auroc_F,auroc_M,cal_int_notebook_F,cal_int_notebook_M,int_free_F,slope_F,citl_F,oe_F,int_free_M,slope_M,citl_M,oe_M
S0_50-50,0,0.9020027518728022,0.9193484018430506,-0.5131991695650773,-0.3423255531250262,-0.5131991695650773,0.6589092995257794,-0.034172406642017226,0.9861752023132745,-0.3423255531250262,0.723571800898168,0.10770831916948195,1.0420036098850354
S0_50-50,1,0.8979598770150672,0.9247179189493161,-0.2956611663200874,-0.08356102839633162,-0.2956611663200874,0.7361302340565162,0.13174932427954625,1.058153175590962,-0.08356102839633162,0.8746490180455874,0.1351198616010775,1.055401546318899
S0_50-50,2,0.9050434014506785,0.9089358923194136,-0.6007004083463465,-0.3114721161130685,-0.6007004083463465,0.588436679967421,-0.061325947882525184,0.9776867684921705,-0.3114721161130685,0.7054501595917654,0.17889287131340495,1.0656869374782612
S0_50-50,3,0.9094260136914166,0.9213982512788884,-0.5703648930717894,-0.6103309173585668,-0.5703648930717894,0.7121145153219022,-0.18853847699656118,0.9269123894197062,-0.6103309173585668,0.7460939174313937,-0.2534641389628062,0.9116244127281364
S0_50-50,4,0.9029370296760605,0.9220331603961832,-0.39009667334398973,-0.15766164960938275,-0.39009667334398973,0.7244185340967698,0.033979784379299785,1.014233309544101,-0.15766164960938275,0.8414138736046334,0.12801231910579897,1.0514494791474707
S0_50-50,5,0.907642392430651,0.9254979501505641,-0.4232350114125328,-0.4022094735975871,-0.4232350114125328,0.7089826275838617,0.020759558592760637,1.0084567406854936,-0.4022094735975871,0.7847866554810441,-0.07365348959358263,0.9730834973599682
S0_50-50,6,0.9035825307037659,0.9148677575009977,-0.41660095953716614,-0.24835632535307436,-0.41660095953716614,0.7327612095014459,-0.00990931424920901,0.9959527981214283,-0.24835632535307436,0.8231712018979754,0.06698371100989703,1.0261748979596543
S0_50-50,7,0.8874619918802765,0.9045640895403257,-0.42103892531293613,-0.1679885603447879,-0.42103892531293613,0.6645102057987641,0.1311031758440354,1.0577317193379767,-0.1679885603447879,0.8236056985828935,0.13306879573781874,1.0537155374107685
S0_50-50,8,0.8949871749137916,0.9197656278344157,-0.3899056690063244,-0.22434704435172412,-0.3899056690063244,0.7755486644596569,-0.07162549955714291,0.9689191351985985,-0.22434704435172412,0.8947406885036233,-0.06564128906785732,0.972301768021243
S0_50-50,9,0.8932545142604766,0.9119290353009469,-0.529376006089008,-0.2418581988328394,-0.529376006089008,0.6236704352270641,0.07521515520894675,1.0310193060752075,-0.2418581988328394,0.7881102309218181,0.12277337170293089,1.0461586687258433
S0_50-50,10,0.8980787850991184,0.9375430831186736,-0.43003058463567867,-0.3322909164987886,-0.43003058463567867,0.6705216863209845,0.10077681052544808,1.0397642792084956,-0.3322909164987886,0.7999083836395942,-0.016308446706899328,0.9942647753276082
S0_50-50,11,0.8925580526253206,0.9087363494539782,-0.4554225464658627,-0.10957336319081448,-0.4554225464658627,0.7105087198367187,-0.02843387630518044,0.9876829323155383,-0.10957336319081448,0.8906985128235451,0.06865482053123849,1.0294751238244164
S0_50-50,12,0.909595882382918,0.9252439865036463,-0.38138788074108265,-0.2585986959649307,-0.38138788074108265,0.7522088597867335,-0.028482537729096463,0.988006224559524,-0.2585986959649307,0.8751539747775077,-0.07811660007008865,0.9692301381120698
S0_50-50,13,0.8884302434218349,0.9164096796429997,-0.47308524093810883,-0.21005397630692202,-0.47308524093810883,0.6745355058629555,0.017155328563598058,1.0071567307497702,-0.21005397630692202,0.8381858669170175,0.039399692590493175,1.0159672027051119
S0_50-50,14,0.9121099390171398,0.9113485469651343,-0.4826742665719302,-0.5432968726341945,-0.4826742665719302,0.6884022426923893,-0.028514237497168388,0.988810841276417,-0.5432968726341945,0.7153895770790942,-0.12503392594843382,0.9561957732026244
S0_50-50,15,0.9028690821994597,0.9096433624786853,-0.3050862384838049,-0.10481840541204178,-0.3050862384838049,0.8221958817344308,-0.05248406462152112,0.9763714068933929,-0.10481840541204178,0.9157027118395851,0.03450773912941973,1.0154885261360547
S0_50-50,16,0.9097487642052694,0.9262417008308239,-0.3806605056041349,-0.17820679466132724,-0.3806605056041349,0.7680210362613467,-0.04918161113994455,0.9792321935545035,-0.17820679466132724,0.8879934749642311,0.0009435791301692613,1.000380213436291
S0_50-50,17,0.9062154954220388,0.9253891085875993,-0.4619570440655285,-0.46225047404528796,-0.4619570440655285,0.6972761184879228,-0.008667236640618286,0.9965496344694513,-0.46225047404528796,0.777857138458724,-0.1325116593952843,0.952743539353923
S0_50-50,18,0.9021386468260034,0.9090628741428727,-0.4395309253344617,-0.08604984692192644,-0.4395309253344617,0.6851546533139359,0.028866654225701862,1.0120036613723173,-0.08604984692192644,0.8362785478718695,0.20492707279387254,1.0846357351708908
S0_50-50,19,0.9109208581766295,0.9228131915974314,-0.44036302593123394,-0.20448572087054756,-0.44036302593123394,0.7244429558841418,-0.04885396344116031,0.9798895947849537,-0.20448572087054756,0.8450864005937341,0.051818711307887025,1.0205072973420692
S0_50-50,20,0.9009325791163431,0.924191851394986,-0.49728598837977445,-0.341083912527857,-0.49728598837977445,0.753592705562941,-0.16878586569587972,0.9303807909062398,-0.341083912527857,0.8947339258707073,-0.1949987278582216,0.9231635852934015
S0_50-50,21,0.8980108376225178,0.9170083082393062,-0.3854399699061153,-0.24791811786879944,-0.3854399699061153,0.686404536162077,0.12179215043551389,1.0522465141186603,-0.24791811786879944,0.8067658028502022,0.05785177568036933,1.0226117736545952
S0_50-50,22,0.9008646316397425,0.888600660305482,-0.45703548727353654,-0.2716681584244888,-0.45703548727353654,0.7121622917324543,-0.061906568562363096,0.9736804638171219,-0.2716681584244888,0.7685359620396908,0.10750433969988812,1.0460777672601949
S0_50-50,23,0.9049414802357777,0.922268983782607,-0.26462871403142535,-0.0778450892424221,-0.26462871403142535,0.7925029377790908,0.07376922176765777,1.0340541482369818,-0.0778450892424221,0.9098743823243436,0.07794945869025828,1.0334193070041693
S0_50-50,24,0.8973823234639623,0.9151035808874216,-0.33248172401271014,-0.1403546859464897,-0.33248172401271014,0.7179428586039421,0.14028826726396365,1.0636421890368155,-0.1403546859464897,0.8665809021220657,0.07996983268199404,1.0333442203864385
S0_50-50,25,0.9076254055615011,0.9223415448245836,-0.6032473937757734,-0.3802739603878957,-0.6032473937757734,0.6161809667209749,-0.07734101405864109,0.9711393465019491,-0.3802739603878957,0.7444941165650001,0.0028529454686943884,1.0010358450351273
S0_50-50,26,0.9093410793456659,0.9254253891085875,-0.4587226369891374,-0.27086416420456794,-0.4587226369891374,0.6195884222186041,0.13114963492039922,1.0492899317986826,-0.27086416420456794,0.7375622953231961,0.15591037133415658,1.0549686962864777
S0_50-50,27,0.9031918327133126,0.9236113630591736,-0.3085729369728504,-0.05295518962909072,-0.3085729369728504,0.7741521958631097,0.03044270419523477,1.0132382815180712,-0.05295518962909072,0.9225855350663374,0.07393014754325201,1.0315373458932247
S0_50-50,28,0.9080840510285549,0.9186772122047673,-0.29534199790916094,-0.07459546289395755,-0.29534199790916094,0.7688824057513919,0.05291127050839799,1.0228931277248277,-0.07459546289395755,0.8898642224216627,0.10634034999707684,1.0452282949301992
S0_50-50,29,0.9067251014965432,0.9179697420454959,-0.3868710728184525,-0.15493901213792355,-0.3868710728184525,0.7108193344511079,0.038224653176900096,1.015964691748072,-0.15493901213792355,0.830296045506232,0.12270568133344019,1.0497164657538003
S1_30-70,0,0.9120419915405391,0.9155026666182926,-0.30048318356192677,-0.17728033343995844,-0.30048318356192677,0.8051842407837063,-0.02040834811141824,0.9910982725216976,-0.17728033343995844,0.8689385435568614,0.03711764967430051,1.015520216301564
S1_30-70,1,0.9046357165910751,0.9255886514530349,-0.3098968964771752,-0.12052355988895974,-0.3098968964771752,0.767538741135179,0.05662357421692191,1.0247216496967078,-0.12052355988895974,0.8851146557826951,0.07993877623601521,1.0323200703200386
S1_30-70,2,0.9006268154716404,0.9282008489641913,-0.4122495696341191,-0.25620568228573876,-0.4122495696341191,0.714885621293503,0.04001152735590072,1.0166988659078664,-0.25620568228573876,0.8423635605710232,0.006078597031343583,1.0023285816546357
S1_30-70,3,0.8931356061764256,0.9244458150419039,-0.6059454801218307,-0.19260852293922265,-0.6059454801218307,0.5923270486199478,0.022767402777650957,1.0088464898332592,-0.19260852293922265,0.8037159829898873,0.14674371266548134,1.054594660452796
S1_30-70,4,0.8927618950551224,0.9091717157058375,-0.37231873625437273,-0.07997127765805696,-0.37231873625437273,0.7312334952810056,0.03331195902478193,1.014806724793997,-0.07997127765805696,0.8810296004648611,0.11706540856385239,1.0508500891685892
S1_30-70,5,0.9078632217296031,0.924445815041904,-0.16782434601186377,0.13494871252798132,-0.16782434601186377,0.8074736962968291,0.1506529100360795,1.0702401168187852,0.13494871252798132,0.9698515265975729,0.18915488907047284,1.0840333443705132
S1_30-70,6,0.9050773751889789,0.9243188332184451,-0.6526223295095258,-0.34028909713552224,-0.6526223295095258,0.559550868993557,-0.013778683015283419,0.99515899369741,-0.34028909713552224,0.7103515248899005,0.13903790682735426,1.0487397626270385
S1_30-70,7,0.9003040649577876,0.9220331603961833,-0.5343220075964369,-0.3008695418294906,-0.5343220075964369,0.6942492619935675,-0.14183883188704072,0.9444782255398106,-0.3008695418294906,0.8152112229544026,-0.014928386553930894,0.9942537648136895
S1_30-70,8,0.899760485144983,0.9299785944926169,-0.4518964608001302,-0.36993436230481225,-0.4518964608001302,0.7060418431989375,-0.015584354191854057,0.9936372387968353,-0.36993436230481225,0.8195587156647796,-0.11090424935649126,0.9575575680634437
S1_30-70,9,0.9067420883656934,0.9243913942604215,-0.4580486115492963,-0.3251807871784933,-0.4580486115492963,0.7153027965472808,-0.03489456819897574,0.9855069344690884,-0.3251807871784933,0.8224144501480699,-0.03060441002394719,0.9884269641141943
S1_30-70,10,0.9000832356588356,0.9182599862134021,-0.46908668384829305,-0.32519853479002503,-0.46908668384829305,0.6948800610364468,-0.03123885935709777,0.987345798702256,-0.32519853479002503,0.7983828227762282,-0.00987156334065842,0.9961819552410526
S1_30-70,11,0.904601742852775,0.9219787396147009,-0.39779359855124286,-0.16179980566849053,-0.39779359855124286,0.7239045427000294,0.03350439784090596,1.014132404039264,-0.16179980566849053,0.8907052805610791,0.019290905731986822,1.007531274179456
S1_30-70,12,0.8945285294467377,0.9306860646518885,-0.6165564728312162,-0.4296183821045457,-0.6165564728312162,0.6074785945618906,-0.010201170381731937,0.9961223168094255,-0.4296183821045457,0.7358973797505919,0.013435886238001788,1.0046833387713752
S1_30-70,13,0.8962781769692029,0.91798788230599,-0.5477199980742601,-0.3097409524647703,-0.5477199980742601,0.6830843008430235,-0.11416494938722765,0.9538252007018185,-0.3097409524647703,0.8127490604946749,-0.004799646005383279,0.998170755725018
S1_30-70,14,0.9069119570571949,0.9264775242172476,-0.2864927412267828,-0.16958712290322242,-0.2864927412267828,0.7960269760525202,0.029867796134736835,1.0131052125105218,-0.16958712290322242,0.8886015522386155,0.01637743972946484,1.0067068712241973
S1_30-70,15,0.9110737399989808,0.9202735551282516,-0.44991010130650316,-0.30688009952187567,-0.44991010130650316,0.6895244554872568,-0.012593678061561735,0.9951085146401992,-0.30688009952187567,0.7722365433394193,0.06691901287187842,1.0250058592476896
S1_30-70,16,0.895496780988296,0.9176794978775895,-0.4208112529162989,-0.052935648098559065,-0.4208112529162989,0.7040174975848895,0.02288938489474976,1.009546211967944,-0.052935648098559065,0.8641524362784485,0.18977061314578395,1.0793185838512402
S1_30-70,17,0.8959214527170497,0.9238653267060914,-0.5472564269540386,-0.1403172891395585,-0.5472564269540386,0.6919328343534177,-0.12386902259997477,0.9485562648181115,-0.1403172891395585,0.8844358054418558,0.043825833436301455,1.0180100124285274
S1_30-70,18,0.892812855662573,0.9192032797590972,-0.5873084911342246,-0.42664878539590095,-0.5873084911342246,0.6225581045793366,-0.026037627839551217,0.9899244013992663,-0.42664878539590095,0.7299588242024988,0.01496742826225049,1.0053526846520542
S1_30-70,19,0.8974162972022627,0.9051082973551501,-0.5033074627337569,-0.34972436740163093,-0.5033074627337569,0.6924865504008811,-0.08214050002724112,0.9666847696390354,-0.34972436740163093,0.7734208354876148,0.005614953545798627,1.002225492203844
S1_30-70,20,0.8970935466884099,0.9135797990059137,-0.5628178224114883,-0.2828634219783801,-0.5628178224114883,0.6763813180314319,-0.10773439514252132,0.9561452769815215,-0.2828634219783801,0.8380152248957131,-0.020781845480165352,0.9918889711471056
S1_30-70,21,0.9037523993952674,0.920055872002322,-0.2979297943001153,0.006782260233735367,-0.2979297943001153,0.7319162693009101,0.1543774050201443,1.0681830194424058,0.006782260233735367,0.8764672741147721,0.2459550032805726,1.1042273674170242
S1_30-70,22,0.9009835397237935,0.9264231034357654,-0.6667600588522758,-0.3792252418271211,-0.6667600588522758,0.6124485703720326,-0.1618009543173153,0.9415748075309263,-0.3792252418271211,0.7802851186760558,-0.03704159902565093,0.9869064639948949
S1_30-70,23,0.8914878798688615,0.9279831658382613,-0.5470506948262155,-0.44762059279251554,-0.5470506948262155,0.6738979871039475,-0.03532112549758675,0.9853597516492562,-0.44762059279251554,0.8080009219069586,-0.160931787086375,0.9385492954410226
S1_30-70,24,0.899182931593878,0.920327975909734,-0.35158039084682174,-0.26820216402394503,-0.35158039084682174,0.7144642198528475,0.09897981639850527,1.041934296437351,-0.26820216402394503,0.8198128671676991,0.019071683954920933,1.0072262139940866
S1_30-70,25,0.903922268086769,0.9249537423357398,-0.44227988023022113,-0.3401811047053678,-0.44227988023022113,0.6317483866349863,0.17962984798872536,1.0704082071331122,-0.3401811047053678,0.7377966927909174,0.12291274048273725,1.0432851740727487
S1_30-70,26,0.9068779833188944,0.9256249319740231,-0.4191145046669321,-0.26618784356750014,-0.4191145046669321,0.7474762761377749,-0.04417411948664119,0.9814940212490307,-0.26618784356750014,0.8515543819049556,-0.01743924513883514,0.9931353392754602
S1_30-70,27,0.9073026550476482,0.9305590828284295,-0.3008148000756579,-0.2658507821727041,-0.3008148000756579,0.731268244035359,0.1423435104837658,1.0596055018652963,-0.2658507821727041,0.8265659637573499,0.009535245584073537,1.0035736323123665
S1_30-70,28,0.9049075064974775,0.9161738562565759,-0.661063336225161,-0.43064124669013454,-0.661063336225161,0.6558967325093579,-0.24960499884717735,0.9089080376176789,-0.43064124669013454,0.7849682789731585,-0.12126703391426487,0.9559838435547063
S1_30-70,29,0.8915218536071616,0.9204912382541813,-0.5698346297375803,-0.18843412247500105,-0.5698346297375803,0.719031702803655,-0.20657875292618005,0.9135292517794216,-0.18843412247500105,0.9491870876113715,-0.11511652968340033,0.9520700960289324
S2_15-85,0,0.9054850600485824,0.9305046620469469,-0.6702613424802469,-0.510634186879677,-0.6702613424802469,0.5929428761948411,-0.10478918096717614,0.9628235657465091,-0.510634186879677,0.7012816206283988,-0.019235413652721235,0.9937929793047737
S2_15-85,1,0.9000662487896854,0.931302833508689,-0.43819804418967373,-0.2611716034966901,-0.43819804418967373,0.6650727673351129,0.12073054768399039,1.0493168709412748,-0.2611716034966901,0.8060471804799481,0.0773251467884515,1.0279007941268303
S2_15-85,2,0.901612053882349,0.9228676123789137,-0.48973521462782477,-0.3098711655793006,-0.48973521462782477,0.7059450603272255,-0.0590134665905128,0.9754846509695491,-0.3098711655793006,0.8398654620788725,-0.05122497195120194,0.9806591964919494
S2_15-85,3,0.9122798077086411,0.9272756956789899,-0.5244222440274896,-0.44468912075175554,-0.5244222440274896,0.6477012742867908,-0.0017563532377282802,0.9993474115663056,-0.44468912075175554,0.7246015294384889,0.003120298199481266,1.0010637326230947
S2_15-85,4,0.8918106303827142,0.9177520589195662,-0.4994495045613417,-0.2528022185380412,-0.4994495045613417,0.7299353025576882,-0.13226965935535245,0.9449474475645763,-0.2528022185380412,0.8668633983090334,-0.04368866491044751,0.98205341763297
S2_15-85,5,0.9064533115901409,0.9133258353589957,-0.3800293589588042,-0.17320333179138897,-0.3800293589588042,0.688432156991376,0.10346014178286556,1.0445871654447494,-0.17320333179138897,0.7978031745681058,0.15395150792810072,1.0639778111776144
S2_15-85,6,0.8912670505699096,0.9191851394986031,-0.6132554968543004,-0.2500255758470568,-0.6132554968543004,0.6235881640484231,-0.10790715223185744,0.9584724932268859,-0.2500255758470568,0.7952739163586008,0.08802127422289999,1.0332431713856558
S2_15-85,7,0.8993188265470792,0.9174073939701775,-0.6220982887748624,-0.3304983086338655,-0.6220982887748624,0.6200634120626127,-0.1048780275167515,0.9607769411414842,-0.3304983086338655,0.7501685527310292,0.07355570706029764,1.0272952652548095
S2_15-85,8,0.9092221712616146,0.9153938250553278,-0.4757868259787246,-0.22272241365215648,-0.4757868259787246,0.7067869440303766,-0.07124582034481601,0.9706991285165816,-0.22272241365215648,0.8398364886677785,0.02960231579776285,1.0118769819436446
S2_15-85,9,0.9042620054697719,0.9137793418713492,-0.5458454518700441,-0.2497195863175054,-0.5458454518700441,0.6791333531633951,-0.10851326993282522,0.9561297595473396,-0.2497195863175054,0.8232463313973851,0.03880952396905707,1.0153146067083203
S2_15-85,10,0.9004909205184393,0.9164641004244821,-0.47958181905377006,-0.3098858054861377,-0.47958181905377006,0.7166501766769126,-0.08525024720574181,0.9655834192286342,-0.3098858054861377,0.8073070386699253,0.006403950948296016,1.0025119833553255
S2_15-85,11,0.8950551223903922,0.9181330043899432,-0.46202218274683166,-0.33251859382792465,-0.46202218274683166,0.6769293347854196,0.06354904413569405,1.0263618942400359,-0.33251859382792465,0.789448172464892,0.03757288781849633,1.0143288435998448
S2_15-85,12,0.8975182184171636,0.9143054094256794,-0.44410573201878134,-0.3361817722155147,-0.44410573201878134,0.6634904424278975,0.09831973184972694,1.0386031803920186,-0.3361817722155147,0.7508902585985631,0.10446062202390374,1.0376940073772234
S2_15-85,13,0.8980448113608182,0.9002829880637085,-0.49534146597453715,-0.3719718422063999,-0.49534146597453715,0.7138129969361156,-0.1101303011674483,0.9554340475124182,-0.3719718422063999,0.7707936638355919,-0.0004343948869424131,0.9998304087938187
S2_15-85,14,0.899539655846031,0.9150673003664332,-0.563649314993381,-0.338060679550384,-0.563649314993381,0.6804286069642372,-0.12690585044127903,0.9500664915951145,-0.338060679550384,0.8106424839801449,-0.03574077469605577,0.9863517658555496
S2_15-85,15,0.8999813144439349,0.9249718825962342,-0.4004313225943967,-0.16092030513205866,-0.4004313225943967,0.7488102552009075,-0.03510753575865739,0.9850166037970692,-0.16092030513205866,0.8816713468832287,0.03459617408323769,1.0139437039838886
S2_15-85,16,0.9059776792539368,0.9236295033196676,-0.4331215525433569,-0.2925125660612719,-0.4331215525433569,0.721457382741907,-0.0055788678005753356,0.9977201661889399,-0.2925125660612719,0.8312873176138694,-0.013685476844740552,0.9947254474457004
S2_15-85,17,0.9095449217754675,0.9235025214962086,-0.4708259584605202,-0.3653992711990595,-0.4708259584605202,0.7043208229314646,-0.026295846133891236,0.9894757982330765,-0.3653992711990595,0.7730327627711922,0.03197362193341625,1.0119069580283364
S2_15-85,18,0.8937301465966808,0.9217973370097595,-0.2765545739290163,-0.01948325210568786,-0.2765545739290163,0.8076850471153,0.015982673669047764,1.0073347617257902,-0.01948325210568786,0.9497768644679422,0.06555501945698607,1.0292883521547813
S2_15-85,19,0.8957515840255482,0.9186590719442732,-0.5540437310788308,-0.7228329642391644,-0.5540437310788308,0.6590458979541725,-0.06573781076444597,0.9742580779841024,-0.7228329642391644,0.626506798407929,-0.18473161865114668,0.9368069142557041
S2_15-85,20,0.9022915286483549,0.9255160904110583,-0.526596752459503,-0.25252578667580694,-0.526596752459503,0.6778124895394633,-0.07483001614146807,0.9707800621261723,-0.25252578667580694,0.8332697851520396,0.013441006080197385,1.0050767273291878
S2_15-85,21,0.9020367256111026,0.9269854515110837,-0.485906502560819,-0.3127902620330192,-0.485906502560819,0.7310387290108941,-0.09660591533183067,0.9599264076726244,-0.3127902620330192,0.8446645520064289,-0.054031153463784946,0.9790323623478797
S2_15-85,22,0.9002531043503373,0.9235750825381853,-0.31342172696378817,-0.15009813306500008,-0.31342172696378817,0.788495481982912,0.008572651516602506,1.0037426322168799,-0.15009813306500008,0.9006741187555698,0.011739271371726603,1.0048645747854348
S2_15-85,23,0.9012553296301958,0.9224866669085369,-0.5552265873800359,-0.2610381025909449,-0.5552265873800359,0.6666425240217275,-0.07465434905455053,0.970321515391738,-0.2610381025909449,0.8188230410241161,0.04959785795631794,1.0185813598551736
S2_15-85,24,0.8957515840255483,0.9173711134491891,-0.5308782136271291,-0.17122545224364052,-0.5308782136271291,0.6531936368809762,-0.026659539436308187,0.989252920004347,-0.17122545224364052,0.7994623048217256,0.18193339502637923,1.0718071398375368
S2_15-85,25,0.9008646316397424,0.924699778688822,-0.6240336961738712,-0.4628770599262765,-0.6240336961738712,0.6721682607630276,-0.1935170663881449,0.9255014269747944,-0.4628770599262765,0.7819697606739602,-0.13365020691968577,0.9509097833986665
S2_15-85,26,0.902987990283511,0.9172804121467183,-0.5410499359845061,-0.29501065596783127,-0.5410499359845061,0.7085394886703353,-0.14559286689071396,0.9410608824528649,-0.29501065596783127,0.8260860337668346,-0.0023906782638300765,0.9990686206613614
S2_15-85,27,0.8917087091678133,0.9173892537096832,-0.4977481007424941,-0.13197289757530895,-0.4977481007424941,0.682272590924038,-0.0257720259242824,0.9887885897684644,-0.13197289757530895,0.8532302137538682,0.11138469783530767,1.0472400976378162
S2_15-85,28,0.9017479488355502,0.920454957733193,-0.5316051667222396,-0.19706876977271215,-0.5316051667222396,0.6305607274141889,0.016812322564962325,1.006648072762558,-0.19706876977271215,0.7940927107947628,0.14975164984417638,1.0554788850934402
S2_15-85,29,0.8927109344476719,0.9242644124369626,-0.5153980864325023,-0.3009993496048951,-0.5153980864325023,0.6441411758661922,0.02866062690379789,1.0112237414142091,-0.3009993496048951,0.7760693161427741,0.07751416254942704,1.0280693419200957
S3_5-95,0,0.8928468294008731,0.9155208068787868,-0.624450509596257,-0.28957103503375925,-0.624450509596257,0.6362752970798089,-0.13939756928639752,0.9451753218408641,-0.28957103503375925,0.7886234698112498,0.062085671918856576,1.0238366371620404
S3_5-95,1,0.8955137678574462,0.9172441316257302,-0.6913365259579768,-0.4441082304143756,-0.6913365259579768,0.5943344152768811,-0.1604169832544042,0.940811303431044,-0.4441082304143756,0.7244218824619473,-0.021407373001493098,0.992465270986735
S3_5-95,2,0.900456946780139,0.9247179189493161,-0.3875759573208024,-0.18274408370672457,-0.3875759573208024,0.7610841577474439,-0.04032653185599329,0.9829978345783253,-0.18274408370672457,0.890732069336681,-0.0066680384023394485,0.9972781212729994
S3_5-95,3,0.9075064974774498,0.923411820193738,-0.6027979611523692,-0.495669095825385,-0.6027979611523692,0.6050258833040824,-0.002331612773984704,0.9991740355421616,-0.495669095825385,0.6873381743393016,0.0625976359513272,1.020353166666585
S3_5-95,4,0.8937811072041312,0.9118927547799587,-0.5904744144013975,-0.3604644563670302,-0.5904744144013975,0.5845505924544614,0.05393955515110716,1.0205222795797306,-0.3604644563670302,0.6921951958934921,0.1965807683041458,1.070144324292733
S3_5-95,5,0.9057738368241349,0.9169357471973298,-0.43562894183045436,-0.3726856141286254,-0.43562894183045436,0.7284717354786445,-0.01776940362225228,0.9925730851313286,-0.3726856141286254,0.8131830064196081,-0.07653874343357875,0.9704364336604528
S3_5-95,6,0.9047206509368259,0.8868410550375503,-0.394890194204529,-0.18019388260744634,-0.394890194204529,0.7161546785280153,0.02371532262700118,1.0098526000206252,-0.18019388260744634,0.7800905619965427,0.22935595925111077,1.0959721690204103
S3_5-95,7,0.8880565323005316,0.9254072488480934,-0.6126766565440731,-0.5260175476801464,-0.6126766565440731,0.578188219565868,0.09300191419788975,1.0347312340915895,-0.5260175476801464,0.6928515147222141,0.020065640668687414,1.0065891479672515
S3_5-95,8,0.9074385500008494,0.9212712694554295,-0.48416650124222843,-0.46510113580685397,-0.48416650124222843,0.6927753115934556,-0.013525880679310261,0.9945921566901091,-0.46510113580685397,0.7542316639278444,-0.053689523688363036,0.980728641667169
S3_5-95,9,0.8894324687016935,0.9117839132169938,-0.6831374199978505,-0.3944658344652092,-0.6831374199978505,0.5845136876917494,-0.14402241671120047,0.9471127294452105,-0.3944658344652092,0.7426593715388831,-0.008521574992864886,0.9970033545242117
S3_5-95,10,0.907625405561501,0.9104233936799334,-0.4004157002240981,-0.2667447228539475,-0.4004157002240981,0.7079496297681341,0.06893095388446009,1.02829684955337,-0.2667447228539475,0.797489976589092,0.09441558844915844,1.0363318070686292
S3_5-95,11,0.8965839406139055,0.9211624278924645,-0.5475831772232014,-0.33436412386924064,-0.5475831772232014,0.5983560955573236,0.04357715147771068,1.016121591273446,-0.33436412386924064,0.7190932509554512,0.14086886412559188,1.0496786672808658
S3_5-95,12,0.9031918327133126,0.9179697420454956,-0.4881071374365119,-0.36529599822814723,-0.4881071374365119,0.6875597101671178,-0.030092458104537093,0.9880436440352374,-0.36529599822814723,0.7802971319946129,-0.00512510558754573,0.9980646457424174
S3_5-95,13,0.9009665528546434,0.9024416790625114,-0.4761571828194754,-0.42559989661708436,-0.4761571828194754,0.6834677502865872,0.021480974183433046,1.008767600398089,-0.42559989661708436,0.714462906672938,0.1108062592961092,1.0415104961433406
S3_5-95,14,0.9016290407514991,0.9277110619308493,-0.644477068368245,-0.5487475150728587,-0.644477068368245,0.6225443806686249,-0.09956963247871155,0.9639524258395693,-0.5487475150728587,0.7218597099212932,-0.08783836688854096,0.9707083709469132
S3_5-95,15,0.8951740304744433,0.9028951855748648,-0.41434916717809317,-0.14741190647834915,-0.41434916717809317,0.6735899274458987,0.09128588166890425,1.0391610458987794,-0.14741190647834915,0.7733286246986605,0.2631877695352772,1.111553787610651
S3_5-95,16,0.8940359102413834,0.9111127235787106,-0.42691448349984257,-0.29728187064012634,-0.42691448349984257,0.6767772005895298,0.08241194811214293,1.0331479014697948,-0.29728187064012634,0.7653820054985536,0.1090517446426158,1.0410594629626988
S3_5-95,17,0.9075064974774499,0.9176250770961073,-0.47514897644562337,-0.35816457610817254,-0.47514897644562337,0.7398078189887876,-0.09172854897133371,0.9626549029879401,-0.35816457610817254,0.8247099384972281,-0.0700172214237894,0.9730703411682292
S3_5-95,18,0.8981467325757189,0.9158836120886696,-0.5881170050428577,-0.3029944521763987,-0.5881170050428577,0.6429615703930116,-0.07872887912147034,0.9687241785796233,-0.3029944521763987,0.779771838241855,0.07773574532516926,1.0297605506789693
S3_5-95,19,0.9043809135538229,0.92083590320357,-0.5306643973172408,-0.3250188421995697,-0.5306643973172408,0.6277119272442773,0.05219616979030804,1.020539645190667,-0.3250188421995697,0.7707202786111826,0.045141269866442506,1.0164143963677659
S3_5-95,20,0.9036844519186669,0.9190581576751442,-0.5751994335474343,-0.3409167080165754,-0.5751994335474343,0.6013774302526864,0.02336751795761449,1.0085845519378478,-0.3409167080165754,0.7185900987802258,0.14389908438966995,1.0504414832384255
S3_5-95,21,0.8877847423941294,0.9134890977034431,-0.599410341550709,-0.3558874238830166,-0.599410341550709,0.5599028765905152,0.11106258269010806,1.0431027277776517,-0.3558874238830166,0.6765186538258473,0.20808600289396462,1.0736010603730874
S3_5-95,22,0.901510132667448,0.9213619707579,-0.4865011705783766,-0.1871567017130564,-0.4865011705783766,0.6483799480280404,0.04460146043984626,1.0182109163066915,-0.1871567017130564,0.8037174113986137,0.14819706027354443,1.0568686186187009
S3_5-95,23,0.895479794119146,0.8919384682364039,-0.42383387568801917,-0.2909671285781679,-0.42383387568801917,0.6648430921201373,0.11821684730810586,1.0497075084030592,-0.2909671285781679,0.7378374692432185,0.17485434465357572,1.069080142516008
S3_5-95,24,0.8895343899165945,0.9103326923774626,-0.47782482736788806,-0.26215816529149877,-0.47782482736788806,0.7135808966265169,-0.06683707003006152,0.9724752338538779,-0.26215816529149877,0.810758972822519,0.06284488656823524,1.0252721650676782
S3_5-95,25,0.8882264009920332,0.9053259804810797,-0.44635860866704985,-0.11314173782162104,-0.44635860866704985,0.6916358355527065,0.02333686594156185,1.0102496816003685,-0.11314173782162104,0.8888740963546174,0.06726199330168343,1.0289797909232763
S3_5-95,26,0.8962442032309026,0.9170083082393063,-0.6976392026203686,-0.4475033392130866,-0.6976392026203686,0.5907021509178644,-0.15071319769863967,0.9434864473746265,-0.4475033392130866,0.7157433606826498,-0.0010446855893942212,0.9996305932044444
S3_5-95,27,0.8877167949175288,0.9108406196712986,-0.7212125522635693,-0.5405356631139021,-0.7212125522635693,0.5458319689610521,-0.0991856613218127,0.96433533537125,-0.5405356631139021,0.6536133615661647,-0.01514966808024739,0.9948723156439667
S3_5-95,28,0.9008306579014421,0.9126909262417008,-0.7651460468511708,-0.45368138966700133,-0.7651460468511708,0.5729922232925827,-0.2282593188470309,0.9194211577111152,-0.45368138966700133,0.7059711865016781,0.027853148853464234,1.009810312877157
S3_5-95,29,0.8891776656644415,0.9111671443601931,-0.6326004493898089,-0.3578388538569287,-0.6326004493898089,0.5479191873894688,0.08394350897932444,1.0303471135460347,-0.3578388538569287,0.6876860562917407,0.17747796227345192,1.0617855721437437
